# timestamp,tn_meter_3br_37:measured_real_power
2021-12-25 00:00:00,0.0
2021-12-25 00:01:00,0.0
2021-12-25 00:02:00,0.0
2021-12-25 00:03:00,0.0
2021-12-25 00:04:00,0.0
2021-12-25 00:05:00,0.0
2021-12-25 00:06:00,0.0
2021-12-25 00:07:00,0.0
2021-12-25 00:08:00,0.0
2021-12-25 00:09:00,0.0
2021-12-25 00:10:00,0.0
2021-12-25 00:11:00,0.0
2021-12-25 00:12:00,0.0
2021-12-25 00:13:00,0.0
2021-12-25 00:14:00,0.0
2021-12-25 00:15:00,0.0
2021-12-25 00:16:00,0.0
2021-12-25 00:17:00,0.0
2021-12-25 00:18:00,0.0
2021-12-25 00:19:00,0.0
2021-12-25 00:20:00,0.0
2021-12-25 00:21:00,0.0
2021-12-25 00:22:00,0.0
2021-12-25 00:23:00,0.0
2021-12-25 00:24:00,0.0
2021-12-25 00:25:00,0.0
2021-12-25 00:26:00,0.0
2021-12-25 00:27:00,0.0
2021-12-25 00:28:00,0.0
2021-12-25 00:29:00,0.0
2021-12-25 00:30:00,0.0
2021-12-25 00:31:00,0.0
2021-12-25 00:32:00,0.0
2021-12-25 00:33:00,0.0
2021-12-25 00:34:00,0.0
2021-12-25 00:35:00,0.0
2021-12-25 00:36:00,0.0
2021-12-25 00:37:00,0.0
2021-12-25 00:38:00,0.0
2021-12-25 00:39:00,0.0
2021-12-25 00:40:00,0.0
2021-12-25 00:41:00,0.0
2021-12-25 00:42:00,0.0
2021-12-25 00:43:00,0.0
2021-12-25 00:44:00,0.0
2021-12-25 00:45:00,0.0
2021-12-25 00:46:00,0.0
2021-12-25 00:47:00,0.0
2021-12-25 00:48:00,0.0
2021-12-25 00:49:00,0.0
2021-12-25 00:50:00,0.0
2021-12-25 00:51:00,0.0
2021-12-25 00:52:00,0.0
2021-12-25 00:53:00,0.0
2021-12-25 00:54:00,0.0
2021-12-25 00:55:00,0.0
2021-12-25 00:56:00,0.0
2021-12-25 00:57:00,0.0
2021-12-25 00:58:00,0.0
2021-12-25 00:59:00,0.0
2021-12-25 01:00:00,0.0
2021-12-25 01:01:00,0.0
2021-12-25 01:02:00,0.0
2021-12-25 01:03:00,0.0
2021-12-25 01:04:00,0.0
2021-12-25 01:05:00,0.0
2021-12-25 01:06:00,0.0
2021-12-25 01:07:00,0.0
2021-12-25 01:08:00,0.0
2021-12-25 01:09:00,0.0
2021-12-25 01:10:00,0.0
2021-12-25 01:11:00,0.0
2021-12-25 01:12:00,0.0
2021-12-25 01:13:00,0.0
2021-12-25 01:14:00,0.0
2021-12-25 01:15:00,0.0
2021-12-25 01:16:00,0.0
2021-12-25 01:17:00,0.0
2021-12-25 01:18:00,0.0
2021-12-25 01:19:00,0.0
2021-12-25 01:20:00,0.0
2021-12-25 01:21:00,0.0
2021-12-25 01:22:00,0.0
2021-12-25 01:23:00,0.0
2021-12-25 01:24:00,0.0
2021-12-25 01:25:00,0.0
2021-12-25 01:26:00,0.0
2021-12-25 01:27:00,0.0
2021-12-25 01:28:00,0.0
2021-12-25 01:29:00,0.0
2021-12-25 01:30:00,0.0
2021-12-25 01:31:00,0.0
2021-12-25 01:32:00,0.0
2021-12-25 01:33:00,0.0
2021-12-25 01:34:00,0.0
2021-12-25 01:35:00,0.0
2021-12-25 01:36:00,0.0
2021-12-25 01:37:00,0.0
2021-12-25 01:38:00,0.0
2021-12-25 01:39:00,0.0
2021-12-25 01:40:00,0.0
2021-12-25 01:41:00,0.0
2021-12-25 01:42:00,0.0
2021-12-25 01:43:00,0.0
2021-12-25 01:44:00,0.0
2021-12-25 01:45:00,0.0
2021-12-25 01:46:00,0.0
2021-12-25 01:47:00,0.0
2021-12-25 01:48:00,0.0
2021-12-25 01:49:00,0.0
2021-12-25 01:50:00,0.0
2021-12-25 01:51:00,0.0
2021-12-25 01:52:00,0.0
2021-12-25 01:53:00,0.0
2021-12-25 01:54:00,0.0
2021-12-25 01:55:00,0.0
2021-12-25 01:56:00,0.0
2021-12-25 01:57:00,0.0
2021-12-25 01:58:00,0.0
2021-12-25 01:59:00,0.0
2021-12-25 02:00:00,0.0
2021-12-25 02:01:00,0.0
2021-12-25 02:02:00,0.0
2021-12-25 02:03:00,0.0
2021-12-25 02:04:00,0.0
2021-12-25 02:05:00,0.0
2021-12-25 02:06:00,0.0
2021-12-25 02:07:00,0.0
2021-12-25 02:08:00,0.0
2021-12-25 02:09:00,0.0
2021-12-25 02:10:00,0.0
2021-12-25 02:11:00,0.0
2021-12-25 02:12:00,0.0
2021-12-25 02:13:00,0.0
2021-12-25 02:14:00,0.0
2021-12-25 02:15:00,0.0
2021-12-25 02:16:00,0.0
2021-12-25 02:17:00,0.0
2021-12-25 02:18:00,0.0
2021-12-25 02:19:00,0.0
2021-12-25 02:20:00,0.0
2021-12-25 02:21:00,0.0
2021-12-25 02:22:00,0.0
2021-12-25 02:23:00,0.0
2021-12-25 02:24:00,0.0
2021-12-25 02:25:00,0.0
2021-12-25 02:26:00,0.0
2021-12-25 02:27:00,0.0
2021-12-25 02:28:00,0.0
2021-12-25 02:29:00,0.0
2021-12-25 02:30:00,0.0
2021-12-25 02:31:00,0.0
2021-12-25 02:32:00,0.0
2021-12-25 02:33:00,0.0
2021-12-25 02:34:00,0.0
2021-12-25 02:35:00,0.0
2021-12-25 02:36:00,0.0
2021-12-25 02:37:00,0.0
2021-12-25 02:38:00,0.0
2021-12-25 02:39:00,0.0
2021-12-25 02:40:00,0.0
2021-12-25 02:41:00,0.0
2021-12-25 02:42:00,0.0
2021-12-25 02:43:00,0.0
2021-12-25 02:44:00,0.0
2021-12-25 02:45:00,0.0
2021-12-25 02:46:00,0.0
2021-12-25 02:47:00,0.0
2021-12-25 02:48:00,0.0
2021-12-25 02:49:00,0.0
2021-12-25 02:50:00,0.0
2021-12-25 02:51:00,0.0
2021-12-25 02:52:00,0.0
2021-12-25 02:53:00,0.0
2021-12-25 02:54:00,0.0
2021-12-25 02:55:00,0.0
2021-12-25 02:56:00,0.0
2021-12-25 02:57:00,0.0
2021-12-25 02:58:00,0.0
2021-12-25 02:59:00,0.0
2021-12-25 03:00:00,0.0
2021-12-25 03:01:00,0.0
2021-12-25 03:02:00,0.0
2021-12-25 03:03:00,0.0
2021-12-25 03:04:00,0.0
2021-12-25 03:05:00,0.0
2021-12-25 03:06:00,0.0
2021-12-25 03:07:00,0.0
2021-12-25 03:08:00,0.0
2021-12-25 03:09:00,0.0
2021-12-25 03:10:00,0.0
2021-12-25 03:11:00,0.0
2021-12-25 03:12:00,0.0
2021-12-25 03:13:00,0.0
2021-12-25 03:14:00,0.0
2021-12-25 03:15:00,0.0
2021-12-25 03:16:00,0.0
2021-12-25 03:17:00,0.0
2021-12-25 03:18:00,0.0
2021-12-25 03:19:00,0.0
2021-12-25 03:20:00,0.0
2021-12-25 03:21:00,0.0
2021-12-25 03:22:00,0.0
2021-12-25 03:23:00,0.0
2021-12-25 03:24:00,0.0
2021-12-25 03:25:00,0.0
2021-12-25 03:26:00,0.0
2021-12-25 03:27:00,0.0
2021-12-25 03:28:00,0.0
2021-12-25 03:29:00,0.0
2021-12-25 03:30:00,0.0
2021-12-25 03:31:00,0.0
2021-12-25 03:32:00,0.0
2021-12-25 03:33:00,0.0
2021-12-25 03:34:00,0.0
2021-12-25 03:35:00,0.0
2021-12-25 03:36:00,0.0
2021-12-25 03:37:00,0.0
2021-12-25 03:38:00,0.0
2021-12-25 03:39:00,0.0
2021-12-25 03:40:00,0.0
2021-12-25 03:41:00,0.0
2021-12-25 03:42:00,0.0
2021-12-25 03:43:00,0.0
2021-12-25 03:44:00,0.0
2021-12-25 03:45:00,0.0
2021-12-25 03:46:00,0.0
2021-12-25 03:47:00,0.0
2021-12-25 03:48:00,0.0
2021-12-25 03:49:00,0.0
2021-12-25 03:50:00,0.0
2021-12-25 03:51:00,0.0
2021-12-25 03:52:00,0.0
2021-12-25 03:53:00,0.0
2021-12-25 03:54:00,0.0
2021-12-25 03:55:00,0.0
2021-12-25 03:56:00,0.0
2021-12-25 03:57:00,0.0
2021-12-25 03:58:00,0.0
2021-12-25 03:59:00,0.0
2021-12-25 04:00:00,0.0
2021-12-25 04:01:00,0.0
2021-12-25 04:02:00,4483.9
2021-12-25 04:03:00,4491.84
2021-12-25 04:04:00,4490.66
2021-12-25 04:05:00,4490.34
2021-12-25 04:06:00,0.0
2021-12-25 04:07:00,0.0
2021-12-25 04:08:00,0.0
2021-12-25 04:09:00,0.0
2021-12-25 04:10:00,0.0
2021-12-25 04:11:00,0.0
2021-12-25 04:12:00,0.0
2021-12-25 04:13:00,0.0
2021-12-25 04:14:00,0.0
2021-12-25 04:15:00,0.0
2021-12-25 04:16:00,0.0
2021-12-25 04:17:00,0.0
2021-12-25 04:18:00,0.0
2021-12-25 04:19:00,0.0
2021-12-25 04:20:00,0.0
2021-12-25 04:21:00,0.0
2021-12-25 04:22:00,0.0
2021-12-25 04:23:00,0.0
2021-12-25 04:24:00,0.0
2021-12-25 04:25:00,0.0
2021-12-25 04:26:00,0.0
2021-12-25 04:27:00,0.0
2021-12-25 04:28:00,0.0
2021-12-25 04:29:00,0.0
2021-12-25 04:30:00,0.0
2021-12-25 04:31:00,0.0
2021-12-25 04:32:00,0.0
2021-12-25 04:33:00,0.0
2021-12-25 04:34:00,0.0
2021-12-25 04:35:00,0.0
2021-12-25 04:36:00,0.0
2021-12-25 04:37:00,0.0
2021-12-25 04:38:00,0.0
2021-12-25 04:39:00,0.0
2021-12-25 04:40:00,0.0
2021-12-25 04:41:00,0.0
2021-12-25 04:42:00,0.0
2021-12-25 04:43:00,0.0
2021-12-25 04:44:00,0.0
2021-12-25 04:45:00,0.0
2021-12-25 04:46:00,0.0
2021-12-25 04:47:00,0.0
2021-12-25 04:48:00,0.0
2021-12-25 04:49:00,0.0
2021-12-25 04:50:00,0.0
2021-12-25 04:51:00,0.0
2021-12-25 04:52:00,0.0
2021-12-25 04:53:00,0.0
2021-12-25 04:54:00,0.0
2021-12-25 04:55:00,0.0
2021-12-25 04:56:00,0.0
2021-12-25 04:57:00,0.0
2021-12-25 04:58:00,0.0
2021-12-25 04:59:00,0.0
2021-12-25 05:00:00,0.0
2021-12-25 05:01:00,0.0
2021-12-25 05:02:00,0.0
2021-12-25 05:03:00,0.0
2021-12-25 05:04:00,0.0
2021-12-25 05:05:00,0.0
2021-12-25 05:06:00,0.0
2021-12-25 05:07:00,0.0
2021-12-25 05:08:00,0.0
2021-12-25 05:09:00,0.0
2021-12-25 05:10:00,0.0
2021-12-25 05:11:00,0.0
2021-12-25 05:12:00,0.0
2021-12-25 05:13:00,0.0
2021-12-25 05:14:00,0.0
2021-12-25 05:15:00,0.0
2021-12-25 05:16:00,0.0
2021-12-25 05:17:00,0.0
2021-12-25 05:18:00,0.0
2021-12-25 05:19:00,0.0
2021-12-25 05:20:00,0.0
2021-12-25 05:21:00,0.0
2021-12-25 05:22:00,0.0
2021-12-25 05:23:00,0.0
2021-12-25 05:24:00,0.0
2021-12-25 05:25:00,0.0
2021-12-25 05:26:00,0.0
2021-12-25 05:27:00,0.0
2021-12-25 05:28:00,0.0
2021-12-25 05:29:00,0.0
2021-12-25 05:30:00,0.0
2021-12-25 05:31:00,0.0
2021-12-25 05:32:00,0.0
2021-12-25 05:33:00,0.0
2021-12-25 05:34:00,0.0
2021-12-25 05:35:00,0.0
2021-12-25 05:36:00,0.0
2021-12-25 05:37:00,0.0
2021-12-25 05:38:00,0.0
2021-12-25 05:39:00,0.0
2021-12-25 05:40:00,0.0
2021-12-25 05:41:00,0.0
2021-12-25 05:42:00,0.0
2021-12-25 05:43:00,0.0
2021-12-25 05:44:00,0.0
2021-12-25 05:45:00,0.0
2021-12-25 05:46:00,0.0
2021-12-25 05:47:00,0.0
2021-12-25 05:48:00,0.0
2021-12-25 05:49:00,0.0
2021-12-25 05:50:00,0.0
2021-12-25 05:51:00,0.0
2021-12-25 05:52:00,0.0
2021-12-25 05:53:00,0.0
2021-12-25 05:54:00,0.0
2021-12-25 05:55:00,0.0
2021-12-25 05:56:00,0.0
2021-12-25 05:57:00,0.0
2021-12-25 05:58:00,0.0
2021-12-25 05:59:00,0.0
2021-12-25 06:00:00,0.0
2021-12-25 06:01:00,0.0
2021-12-25 06:02:00,0.0
2021-12-25 06:03:00,0.0
2021-12-25 06:04:00,0.0
2021-12-25 06:05:00,0.0
2021-12-25 06:06:00,0.0
2021-12-25 06:07:00,0.0
2021-12-25 06:08:00,0.0
2021-12-25 06:09:00,0.0
2021-12-25 06:10:00,0.0
2021-12-25 06:11:00,0.0
2021-12-25 06:12:00,0.0
2021-12-25 06:13:00,0.0
2021-12-25 06:14:00,0.0
2021-12-25 06:15:00,0.0
2021-12-25 06:16:00,0.0
2021-12-25 06:17:00,0.0
2021-12-25 06:18:00,0.0
2021-12-25 06:19:00,0.0
2021-12-25 06:20:00,0.0
2021-12-25 06:21:00,0.0
2021-12-25 06:22:00,0.0
2021-12-25 06:23:00,0.0
2021-12-25 06:24:00,0.0
2021-12-25 06:25:00,0.0
2021-12-25 06:26:00,0.0
2021-12-25 06:27:00,0.0
2021-12-25 06:28:00,0.0
2021-12-25 06:29:00,0.0
2021-12-25 06:30:00,0.0
2021-12-25 06:31:00,0.0
2021-12-25 06:32:00,0.0
2021-12-25 06:33:00,0.0
2021-12-25 06:34:00,0.0
2021-12-25 06:35:00,0.0
2021-12-25 06:36:00,0.0
2021-12-25 06:37:00,0.0
2021-12-25 06:38:00,0.0
2021-12-25 06:39:00,0.0
2021-12-25 06:40:00,0.0
2021-12-25 06:41:00,0.0
2021-12-25 06:42:00,0.0
2021-12-25 06:43:00,0.0
2021-12-25 06:44:00,0.0
2021-12-25 06:45:00,0.0
2021-12-25 06:46:00,0.0
2021-12-25 06:47:00,0.0
2021-12-25 06:48:00,0.0
2021-12-25 06:49:00,0.0
2021-12-25 06:50:00,0.0
2021-12-25 06:51:00,0.0
2021-12-25 06:52:00,0.0
2021-12-25 06:53:00,0.0
2021-12-25 06:54:00,0.0
2021-12-25 06:55:00,0.0
2021-12-25 06:56:00,0.0
2021-12-25 06:57:00,0.0
2021-12-25 06:58:00,0.0
2021-12-25 06:59:00,0.0
2021-12-25 07:00:00,0.0
2021-12-25 07:01:00,0.0
2021-12-25 07:02:00,0.0
2021-12-25 07:03:00,0.0
2021-12-25 07:04:00,0.0
2021-12-25 07:05:00,0.0
2021-12-25 07:06:00,0.0
2021-12-25 07:07:00,0.0
2021-12-25 07:08:00,0.0
2021-12-25 07:09:00,0.0
2021-12-25 07:10:00,0.0
2021-12-25 07:11:00,0.0
2021-12-25 07:12:00,0.0
2021-12-25 07:13:00,0.0
2021-12-25 07:14:00,0.0
2021-12-25 07:15:00,0.0
2021-12-25 07:16:00,4407.59
2021-12-25 07:17:00,4396.19
2021-12-25 07:18:00,4401.42
2021-12-25 07:19:00,4395.71
2021-12-25 07:20:00,4414.51
2021-12-25 07:21:00,4430.43
2021-12-25 07:22:00,4421.66
2021-12-25 07:23:00,4411.71
2021-12-25 07:24:00,4425.53
2021-12-25 07:25:00,4416.57
2021-12-25 07:26:00,4413.93
2021-12-25 07:27:00,4409.05
2021-12-25 07:28:00,4407.99
2021-12-25 07:29:00,4410.84
2021-12-25 07:30:00,0.0
2021-12-25 07:31:00,0.0
2021-12-25 07:32:00,0.0
2021-12-25 07:33:00,4405.45
2021-12-25 07:34:00,4410.23
2021-12-25 07:35:00,4407.77
2021-12-25 07:36:00,0.0
2021-12-25 07:37:00,0.0
2021-12-25 07:38:00,0.0
2021-12-25 07:39:00,0.0
2021-12-25 07:40:00,0.0
2021-12-25 07:41:00,0.0
2021-12-25 07:42:00,0.0
2021-12-25 07:43:00,0.0
2021-12-25 07:44:00,0.0
2021-12-25 07:45:00,0.0
2021-12-25 07:46:00,0.0
2021-12-25 07:47:00,0.0
2021-12-25 07:48:00,0.0
2021-12-25 07:49:00,4408.45
2021-12-25 07:50:00,4396.71
2021-12-25 07:51:00,4387.1
2021-12-25 07:52:00,4402.68
2021-12-25 07:53:00,4400.28
2021-12-25 07:54:00,4414.04
2021-12-25 07:55:00,4413.88
2021-12-25 07:56:00,4417.29
2021-12-25 07:57:00,4414.42
2021-12-25 07:58:00,4414.3
2021-12-25 07:59:00,4404.63
2021-12-25 08:00:00,4386.48
2021-12-25 08:01:00,4404.68
2021-12-25 08:02:00,4385.57
2021-12-25 08:03:00,4382.0
2021-12-25 08:04:00,4376.25
2021-12-25 08:05:00,4372.17
2021-12-25 08:06:00,4382.82
2021-12-25 08:07:00,4391.34
2021-12-25 08:08:00,4385.75
2021-12-25 08:09:00,4385.66
2021-12-25 08:10:00,4386.17
2021-12-25 08:11:00,4392.75
2021-12-25 08:12:00,4392.1
2021-12-25 08:13:00,4388.58
2021-12-25 08:14:00,4396.17
2021-12-25 08:15:00,4403.49
2021-12-25 08:16:00,4395.28
2021-12-25 08:17:00,4398.47
2021-12-25 08:18:00,4397.61
2021-12-25 08:19:00,4403.95
2021-12-25 08:20:00,4407.47
2021-12-25 08:21:00,4399.05
2021-12-25 08:22:00,4386.81
2021-12-25 08:23:00,4379.32
2021-12-25 08:24:00,4383.68
2021-12-25 08:25:00,4392.67
2021-12-25 08:26:00,4400.86
2021-12-25 08:27:00,4402.55
2021-12-25 08:28:00,4415.69
2021-12-25 08:29:00,4406.28
2021-12-25 08:30:00,4413.24
2021-12-25 08:31:00,4414.69
2021-12-25 08:32:00,4401.65
2021-12-25 08:33:00,4399.98
2021-12-25 08:34:00,4403.15
2021-12-25 08:35:00,4391.19
2021-12-25 08:36:00,4394.7
2021-12-25 08:37:00,4396.18
2021-12-25 08:38:00,4394.36
2021-12-25 08:39:00,4384.76
2021-12-25 08:40:00,0.0
2021-12-25 08:41:00,0.0
2021-12-25 08:42:00,0.0
2021-12-25 08:43:00,0.0
2021-12-25 08:44:00,0.0
2021-12-25 08:45:00,0.0
2021-12-25 08:46:00,0.0
2021-12-25 08:47:00,0.0
2021-12-25 08:48:00,0.0
2021-12-25 08:49:00,0.0
2021-12-25 08:50:00,0.0
2021-12-25 08:51:00,0.0
2021-12-25 08:52:00,0.0
2021-12-25 08:53:00,0.0
2021-12-25 08:54:00,0.0
2021-12-25 08:55:00,0.0
2021-12-25 08:56:00,0.0
2021-12-25 08:57:00,0.0
2021-12-25 08:58:00,0.0
2021-12-25 08:59:00,0.0
2021-12-25 09:00:00,0.0
2021-12-25 09:01:00,0.0
2021-12-25 09:02:00,0.0
2021-12-25 09:03:00,0.0
2021-12-25 09:04:00,0.0
2021-12-25 09:05:00,0.0
2021-12-25 09:06:00,0.0
2021-12-25 09:07:00,0.0
2021-12-25 09:08:00,0.0
2021-12-25 09:09:00,4409.51
2021-12-25 09:10:00,4404.12
2021-12-25 09:11:00,0.0
2021-12-25 09:12:00,0.0
2021-12-25 09:13:00,0.0
2021-12-25 09:14:00,0.0
2021-12-25 09:15:00,0.0
2021-12-25 09:16:00,0.0
2021-12-25 09:17:00,0.0
2021-12-25 09:18:00,0.0
2021-12-25 09:19:00,0.0
2021-12-25 09:20:00,0.0
2021-12-25 09:21:00,0.0
2021-12-25 09:22:00,0.0
2021-12-25 09:23:00,0.0
2021-12-25 09:24:00,0.0
2021-12-25 09:25:00,0.0
2021-12-25 09:26:00,0.0
2021-12-25 09:27:00,0.0
2021-12-25 09:28:00,0.0
2021-12-25 09:29:00,0.0
2021-12-25 09:30:00,0.0
2021-12-25 09:31:00,0.0
2021-12-25 09:32:00,0.0
2021-12-25 09:33:00,0.0
2021-12-25 09:34:00,0.0
2021-12-25 09:35:00,0.0
2021-12-25 09:36:00,0.0
2021-12-25 09:37:00,0.0
2021-12-25 09:38:00,0.0
2021-12-25 09:39:00,0.0
2021-12-25 09:40:00,0.0
2021-12-25 09:41:00,0.0
2021-12-25 09:42:00,0.0
2021-12-25 09:43:00,0.0
2021-12-25 09:44:00,0.0
2021-12-25 09:45:00,0.0
2021-12-25 09:46:00,0.0
2021-12-25 09:47:00,0.0
2021-12-25 09:48:00,0.0
2021-12-25 09:49:00,0.0
2021-12-25 09:50:00,0.0
2021-12-25 09:51:00,0.0
2021-12-25 09:52:00,0.0
2021-12-25 09:53:00,0.0
2021-12-25 09:54:00,0.0
2021-12-25 09:55:00,0.0
2021-12-25 09:56:00,0.0
2021-12-25 09:57:00,0.0
2021-12-25 09:58:00,0.0
2021-12-25 09:59:00,0.0
2021-12-25 10:00:00,0.0
2021-12-25 10:01:00,0.0
2021-12-25 10:02:00,0.0
2021-12-25 10:03:00,0.0
2021-12-25 10:04:00,0.0
2021-12-25 10:05:00,0.0
2021-12-25 10:06:00,0.0
2021-12-25 10:07:00,0.0
2021-12-25 10:08:00,0.0
2021-12-25 10:09:00,0.0
2021-12-25 10:10:00,0.0
2021-12-25 10:11:00,0.0
2021-12-25 10:12:00,0.0
2021-12-25 10:13:00,0.0
2021-12-25 10:14:00,0.0
2021-12-25 10:15:00,0.0
2021-12-25 10:16:00,0.0
2021-12-25 10:17:00,0.0
2021-12-25 10:18:00,0.0
2021-12-25 10:19:00,0.0
2021-12-25 10:20:00,0.0
2021-12-25 10:21:00,0.0
2021-12-25 10:22:00,0.0
2021-12-25 10:23:00,0.0
2021-12-25 10:24:00,0.0
2021-12-25 10:25:00,0.0
2021-12-25 10:26:00,0.0
2021-12-25 10:27:00,0.0
2021-12-25 10:28:00,0.0
2021-12-25 10:29:00,0.0
2021-12-25 10:30:00,0.0
2021-12-25 10:31:00,0.0
2021-12-25 10:32:00,0.0
2021-12-25 10:33:00,0.0
2021-12-25 10:34:00,0.0
2021-12-25 10:35:00,0.0
2021-12-25 10:36:00,0.0
2021-12-25 10:37:00,0.0
2021-12-25 10:38:00,0.0
2021-12-25 10:39:00,0.0
2021-12-25 10:40:00,0.0
2021-12-25 10:41:00,0.0
2021-12-25 10:42:00,0.0
2021-12-25 10:43:00,0.0
2021-12-25 10:44:00,0.0
2021-12-25 10:45:00,0.0
2021-12-25 10:46:00,0.0
2021-12-25 10:47:00,0.0
2021-12-25 10:48:00,0.0
2021-12-25 10:49:00,0.0
2021-12-25 10:50:00,0.0
2021-12-25 10:51:00,0.0
2021-12-25 10:52:00,0.0
2021-12-25 10:53:00,0.0
2021-12-25 10:54:00,0.0
2021-12-25 10:55:00,0.0
2021-12-25 10:56:00,0.0
2021-12-25 10:57:00,0.0
2021-12-25 10:58:00,0.0
2021-12-25 10:59:00,0.0
2021-12-25 11:00:00,0.0
2021-12-25 11:01:00,0.0
2021-12-25 11:02:00,0.0
2021-12-25 11:03:00,0.0
2021-12-25 11:04:00,0.0
2021-12-25 11:05:00,0.0
2021-12-25 11:06:00,0.0
2021-12-25 11:07:00,0.0
2021-12-25 11:08:00,0.0
2021-12-25 11:09:00,0.0
2021-12-25 11:10:00,0.0
2021-12-25 11:11:00,0.0
2021-12-25 11:12:00,0.0
2021-12-25 11:13:00,0.0
2021-12-25 11:14:00,0.0
2021-12-25 11:15:00,0.0
2021-12-25 11:16:00,0.0
2021-12-25 11:17:00,0.0
2021-12-25 11:18:00,0.0
2021-12-25 11:19:00,0.0
2021-12-25 11:20:00,0.0
2021-12-25 11:21:00,0.0
2021-12-25 11:22:00,0.0
2021-12-25 11:23:00,0.0
2021-12-25 11:24:00,0.0
2021-12-25 11:25:00,0.0
2021-12-25 11:26:00,0.0
2021-12-25 11:27:00,0.0
2021-12-25 11:28:00,0.0
2021-12-25 11:29:00,0.0
2021-12-25 11:30:00,0.0
2021-12-25 11:31:00,0.0
2021-12-25 11:32:00,0.0
2021-12-25 11:33:00,0.0
2021-12-25 11:34:00,0.0
2021-12-25 11:35:00,0.0
2021-12-25 11:36:00,0.0
2021-12-25 11:37:00,0.0
2021-12-25 11:38:00,0.0
2021-12-25 11:39:00,0.0
2021-12-25 11:40:00,0.0
2021-12-25 11:41:00,4433.4
2021-12-25 11:42:00,4430.63
2021-12-25 11:43:00,4442.7
2021-12-25 11:44:00,4426.43
2021-12-25 11:45:00,4426.44
2021-12-25 11:46:00,4424.42
2021-12-25 11:47:00,4438.57
2021-12-25 11:48:00,4447.57
2021-12-25 11:49:00,4450.99
2021-12-25 11:50:00,4446.63
2021-12-25 11:51:00,0.0
2021-12-25 11:52:00,0.0
2021-12-25 11:53:00,0.0
2021-12-25 11:54:00,0.0
2021-12-25 11:55:00,0.0
2021-12-25 11:56:00,0.0
2021-12-25 11:57:00,0.0
2021-12-25 11:58:00,0.0
2021-12-25 11:59:00,0.0
2021-12-25 12:00:00,0.0
2021-12-25 12:01:00,0.0
2021-12-25 12:02:00,0.0
2021-12-25 12:03:00,0.0
2021-12-25 12:04:00,0.0
2021-12-25 12:05:00,0.0
2021-12-25 12:06:00,0.0
2021-12-25 12:07:00,0.0
2021-12-25 12:08:00,0.0
2021-12-25 12:09:00,0.0
2021-12-25 12:10:00,0.0
2021-12-25 12:11:00,0.0
2021-12-25 12:12:00,0.0
2021-12-25 12:13:00,0.0
2021-12-25 12:14:00,0.0
2021-12-25 12:15:00,0.0
2021-12-25 12:16:00,0.0
2021-12-25 12:17:00,0.0
2021-12-25 12:18:00,0.0
2021-12-25 12:19:00,0.0
2021-12-25 12:20:00,0.0
2021-12-25 12:21:00,0.0
2021-12-25 12:22:00,0.0
2021-12-25 12:23:00,0.0
2021-12-25 12:24:00,0.0
2021-12-25 12:25:00,0.0
2021-12-25 12:26:00,0.0
2021-12-25 12:27:00,0.0
2021-12-25 12:28:00,0.0
2021-12-25 12:29:00,0.0
2021-12-25 12:30:00,0.0
2021-12-25 12:31:00,0.0
2021-12-25 12:32:00,0.0
2021-12-25 12:33:00,0.0
2021-12-25 12:34:00,0.0
2021-12-25 12:35:00,0.0
2021-12-25 12:36:00,0.0
2021-12-25 12:37:00,0.0
2021-12-25 12:38:00,0.0
2021-12-25 12:39:00,0.0
2021-12-25 12:40:00,0.0
2021-12-25 12:41:00,0.0
2021-12-25 12:42:00,0.0
2021-12-25 12:43:00,0.0
2021-12-25 12:44:00,0.0
2021-12-25 12:45:00,0.0
2021-12-25 12:46:00,0.0
2021-12-25 12:47:00,0.0
2021-12-25 12:48:00,0.0
2021-12-25 12:49:00,0.0
2021-12-25 12:50:00,0.0
2021-12-25 12:51:00,0.0
2021-12-25 12:52:00,0.0
2021-12-25 12:53:00,0.0
2021-12-25 12:54:00,0.0
2021-12-25 12:55:00,0.0
2021-12-25 12:56:00,0.0
2021-12-25 12:57:00,0.0
2021-12-25 12:58:00,0.0
2021-12-25 12:59:00,0.0
2021-12-25 13:00:00,0.0
2021-12-25 13:01:00,0.0
2021-12-25 13:02:00,0.0
2021-12-25 13:03:00,0.0
2021-12-25 13:04:00,0.0
2021-12-25 13:05:00,0.0
2021-12-25 13:06:00,0.0
2021-12-25 13:07:00,0.0
2021-12-25 13:08:00,0.0
2021-12-25 13:09:00,0.0
2021-12-25 13:10:00,0.0
2021-12-25 13:11:00,0.0
2021-12-25 13:12:00,0.0
2021-12-25 13:13:00,0.0
2021-12-25 13:14:00,0.0
2021-12-25 13:15:00,0.0
2021-12-25 13:16:00,0.0
2021-12-25 13:17:00,0.0
2021-12-25 13:18:00,0.0
2021-12-25 13:19:00,0.0
2021-12-25 13:20:00,0.0
2021-12-25 13:21:00,0.0
2021-12-25 13:22:00,0.0
2021-12-25 13:23:00,0.0
2021-12-25 13:24:00,0.0
2021-12-25 13:25:00,0.0
2021-12-25 13:26:00,0.0
2021-12-25 13:27:00,0.0
2021-12-25 13:28:00,0.0
2021-12-25 13:29:00,0.0
2021-12-25 13:30:00,0.0
2021-12-25 13:31:00,0.0
2021-12-25 13:32:00,0.0
2021-12-25 13:33:00,0.0
2021-12-25 13:34:00,0.0
2021-12-25 13:35:00,0.0
2021-12-25 13:36:00,0.0
2021-12-25 13:37:00,0.0
2021-12-25 13:38:00,0.0
2021-12-25 13:39:00,0.0
2021-12-25 13:40:00,0.0
2021-12-25 13:41:00,0.0
2021-12-25 13:42:00,0.0
2021-12-25 13:43:00,0.0
2021-12-25 13:44:00,0.0
2021-12-25 13:45:00,0.0
2021-12-25 13:46:00,0.0
2021-12-25 13:47:00,0.0
2021-12-25 13:48:00,0.0
2021-12-25 13:49:00,0.0
2021-12-25 13:50:00,0.0
2021-12-25 13:51:00,0.0
2021-12-25 13:52:00,0.0
2021-12-25 13:53:00,0.0
2021-12-25 13:54:00,0.0
2021-12-25 13:55:00,0.0
2021-12-25 13:56:00,0.0
2021-12-25 13:57:00,0.0
2021-12-25 13:58:00,0.0
2021-12-25 13:59:00,0.0
2021-12-25 14:00:00,0.0
2021-12-25 14:01:00,0.0
2021-12-25 14:02:00,0.0
2021-12-25 14:03:00,0.0
2021-12-25 14:04:00,0.0
2021-12-25 14:05:00,0.0
2021-12-25 14:06:00,0.0
2021-12-25 14:07:00,0.0
2021-12-25 14:08:00,0.0
2021-12-25 14:09:00,0.0
2021-12-25 14:10:00,0.0
2021-12-25 14:11:00,0.0
2021-12-25 14:12:00,0.0
2021-12-25 14:13:00,0.0
2021-12-25 14:14:00,0.0
2021-12-25 14:15:00,0.0
2021-12-25 14:16:00,0.0
2021-12-25 14:17:00,0.0
2021-12-25 14:18:00,0.0
2021-12-25 14:19:00,4469.82
2021-12-25 14:20:00,4463.72
2021-12-25 14:21:00,4459.52
2021-12-25 14:22:00,4451.76
2021-12-25 14:23:00,4447.82
2021-12-25 14:24:00,0.0
2021-12-25 14:25:00,0.0
2021-12-25 14:26:00,0.0
2021-12-25 14:27:00,0.0
2021-12-25 14:28:00,0.0
2021-12-25 14:29:00,0.0
2021-12-25 14:30:00,0.0
2021-12-25 14:31:00,0.0
2021-12-25 14:32:00,0.0
2021-12-25 14:33:00,0.0
2021-12-25 14:34:00,0.0
2021-12-25 14:35:00,0.0
2021-12-25 14:36:00,0.0
2021-12-25 14:37:00,0.0
2021-12-25 14:38:00,0.0
2021-12-25 14:39:00,0.0
2021-12-25 14:40:00,0.0
2021-12-25 14:41:00,0.0
2021-12-25 14:42:00,0.0
2021-12-25 14:43:00,0.0
2021-12-25 14:44:00,0.0
2021-12-25 14:45:00,0.0
2021-12-25 14:46:00,0.0
2021-12-25 14:47:00,0.0
2021-12-25 14:48:00,0.0
2021-12-25 14:49:00,0.0
2021-12-25 14:50:00,0.0
2021-12-25 14:51:00,0.0
2021-12-25 14:52:00,0.0
2021-12-25 14:53:00,0.0
2021-12-25 14:54:00,0.0
2021-12-25 14:55:00,0.0
2021-12-25 14:56:00,0.0
2021-12-25 14:57:00,0.0
2021-12-25 14:58:00,0.0
2021-12-25 14:59:00,0.0
2021-12-25 15:00:00,0.0
2021-12-25 15:01:00,0.0
2021-12-25 15:02:00,0.0
2021-12-25 15:03:00,0.0
2021-12-25 15:04:00,0.0
2021-12-25 15:05:00,0.0
2021-12-25 15:06:00,0.0
2021-12-25 15:07:00,0.0
2021-12-25 15:08:00,0.0
2021-12-25 15:09:00,0.0
2021-12-25 15:10:00,0.0
2021-12-25 15:11:00,0.0
2021-12-25 15:12:00,0.0
2021-12-25 15:13:00,0.0
2021-12-25 15:14:00,0.0
2021-12-25 15:15:00,0.0
2021-12-25 15:16:00,0.0
2021-12-25 15:17:00,0.0
2021-12-25 15:18:00,0.0
2021-12-25 15:19:00,0.0
2021-12-25 15:20:00,0.0
2021-12-25 15:21:00,0.0
2021-12-25 15:22:00,0.0
2021-12-25 15:23:00,0.0
2021-12-25 15:24:00,0.0
2021-12-25 15:25:00,0.0
2021-12-25 15:26:00,0.0
2021-12-25 15:27:00,0.0
2021-12-25 15:28:00,0.0
2021-12-25 15:29:00,0.0
2021-12-25 15:30:00,0.0
2021-12-25 15:31:00,0.0
2021-12-25 15:32:00,0.0
2021-12-25 15:33:00,0.0
2021-12-25 15:34:00,0.0
2021-12-25 15:35:00,0.0
2021-12-25 15:36:00,0.0
2021-12-25 15:37:00,0.0
2021-12-25 15:38:00,0.0
2021-12-25 15:39:00,0.0
2021-12-25 15:40:00,0.0
2021-12-25 15:41:00,0.0
2021-12-25 15:42:00,0.0
2021-12-25 15:43:00,0.0
2021-12-25 15:44:00,0.0
2021-12-25 15:45:00,0.0
2021-12-25 15:46:00,0.0
2021-12-25 15:47:00,0.0
2021-12-25 15:48:00,0.0
2021-12-25 15:49:00,0.0
2021-12-25 15:50:00,0.0
2021-12-25 15:51:00,0.0
2021-12-25 15:52:00,0.0
2021-12-25 15:53:00,0.0
2021-12-25 15:54:00,0.0
2021-12-25 15:55:00,0.0
2021-12-25 15:56:00,0.0
2021-12-25 15:57:00,0.0
2021-12-25 15:58:00,0.0
2021-12-25 15:59:00,0.0
2021-12-25 16:00:00,0.0
2021-12-25 16:01:00,0.0
2021-12-25 16:02:00,0.0
2021-12-25 16:03:00,4444.4
2021-12-25 16:04:00,4438.19
2021-12-25 16:05:00,4450.2
2021-12-25 16:06:00,4453.87
2021-12-25 16:07:00,0.0
2021-12-25 16:08:00,0.0
2021-12-25 16:09:00,0.0
2021-12-25 16:10:00,0.0
2021-12-25 16:11:00,0.0
2021-12-25 16:12:00,0.0
2021-12-25 16:13:00,0.0
2021-12-25 16:14:00,0.0
2021-12-25 16:15:00,0.0
2021-12-25 16:16:00,0.0
2021-12-25 16:17:00,0.0
2021-12-25 16:18:00,0.0
2021-12-25 16:19:00,0.0
2021-12-25 16:20:00,0.0
2021-12-25 16:21:00,0.0
2021-12-25 16:22:00,0.0
2021-12-25 16:23:00,0.0
2021-12-25 16:24:00,0.0
2021-12-25 16:25:00,0.0
2021-12-25 16:26:00,0.0
2021-12-25 16:27:00,0.0
2021-12-25 16:28:00,0.0
2021-12-25 16:29:00,0.0
2021-12-25 16:30:00,0.0
2021-12-25 16:31:00,0.0
2021-12-25 16:32:00,0.0
2021-12-25 16:33:00,0.0
2021-12-25 16:34:00,0.0
2021-12-25 16:35:00,0.0
2021-12-25 16:36:00,0.0
2021-12-25 16:37:00,0.0
2021-12-25 16:38:00,0.0
2021-12-25 16:39:00,0.0
2021-12-25 16:40:00,0.0
2021-12-25 16:41:00,0.0
2021-12-25 16:42:00,0.0
2021-12-25 16:43:00,0.0
2021-12-25 16:44:00,0.0
2021-12-25 16:45:00,0.0
2021-12-25 16:46:00,0.0
2021-12-25 16:47:00,0.0
2021-12-25 16:48:00,0.0
2021-12-25 16:49:00,0.0
2021-12-25 16:50:00,0.0
2021-12-25 16:51:00,0.0
2021-12-25 16:52:00,0.0
2021-12-25 16:53:00,0.0
2021-12-25 16:54:00,0.0
2021-12-25 16:55:00,0.0
2021-12-25 16:56:00,0.0
2021-12-25 16:57:00,0.0
2021-12-25 16:58:00,4441.85
2021-12-25 16:59:00,4435.42
2021-12-25 17:00:00,4423.52
2021-12-25 17:01:00,4405.5
2021-12-25 17:02:00,0.0
2021-12-25 17:03:00,0.0
2021-12-25 17:04:00,0.0
2021-12-25 17:05:00,0.0
2021-12-25 17:06:00,0.0
2021-12-25 17:07:00,0.0
2021-12-25 17:08:00,0.0
2021-12-25 17:09:00,0.0
2021-12-25 17:10:00,0.0
2021-12-25 17:11:00,0.0
2021-12-25 17:12:00,0.0
2021-12-25 17:13:00,0.0
2021-12-25 17:14:00,0.0
2021-12-25 17:15:00,0.0
2021-12-25 17:16:00,0.0
2021-12-25 17:17:00,0.0
2021-12-25 17:18:00,0.0
2021-12-25 17:19:00,0.0
2021-12-25 17:20:00,0.0
2021-12-25 17:21:00,0.0
2021-12-25 17:22:00,0.0
2021-12-25 17:23:00,0.0
2021-12-25 17:24:00,0.0
2021-12-25 17:25:00,0.0
2021-12-25 17:26:00,0.0
2021-12-25 17:27:00,0.0
2021-12-25 17:28:00,0.0
2021-12-25 17:29:00,0.0
2021-12-25 17:30:00,0.0
2021-12-25 17:31:00,0.0
2021-12-25 17:32:00,0.0
2021-12-25 17:33:00,4417.77
2021-12-25 17:34:00,4434.03
2021-12-25 17:35:00,4427.68
2021-12-25 17:36:00,0.0
2021-12-25 17:37:00,0.0
2021-12-25 17:38:00,0.0
2021-12-25 17:39:00,0.0
2021-12-25 17:40:00,0.0
2021-12-25 17:41:00,0.0
2021-12-25 17:42:00,0.0
2021-12-25 17:43:00,0.0
2021-12-25 17:44:00,0.0
2021-12-25 17:45:00,0.0
2021-12-25 17:46:00,0.0
2021-12-25 17:47:00,0.0
2021-12-25 17:48:00,0.0
2021-12-25 17:49:00,0.0
2021-12-25 17:50:00,0.0
2021-12-25 17:51:00,0.0
2021-12-25 17:52:00,0.0
2021-12-25 17:53:00,0.0
2021-12-25 17:54:00,0.0
2021-12-25 17:55:00,0.0
2021-12-25 17:56:00,0.0
2021-12-25 17:57:00,0.0
2021-12-25 17:58:00,0.0
2021-12-25 17:59:00,0.0
2021-12-25 18:00:00,0.0
2021-12-25 18:01:00,0.0
2021-12-25 18:02:00,0.0
2021-12-25 18:03:00,0.0
2021-12-25 18:04:00,0.0
2021-12-25 18:05:00,0.0
2021-12-25 18:06:00,0.0
2021-12-25 18:07:00,0.0
2021-12-25 18:08:00,0.0
2021-12-25 18:09:00,0.0
2021-12-25 18:10:00,0.0
2021-12-25 18:11:00,0.0
2021-12-25 18:12:00,0.0
2021-12-25 18:13:00,0.0
2021-12-25 18:14:00,0.0
2021-12-25 18:15:00,0.0
2021-12-25 18:16:00,0.0
2021-12-25 18:17:00,0.0
2021-12-25 18:18:00,0.0
2021-12-25 18:19:00,0.0
2021-12-25 18:20:00,0.0
2021-12-25 18:21:00,0.0
2021-12-25 18:22:00,0.0
2021-12-25 18:23:00,0.0
2021-12-25 18:24:00,0.0
2021-12-25 18:25:00,0.0
2021-12-25 18:26:00,0.0
2021-12-25 18:27:00,0.0
2021-12-25 18:28:00,0.0
2021-12-25 18:29:00,0.0
2021-12-25 18:30:00,0.0
2021-12-25 18:31:00,0.0
2021-12-25 18:32:00,0.0
2021-12-25 18:33:00,0.0
2021-12-25 18:34:00,0.0
2021-12-25 18:35:00,0.0
2021-12-25 18:36:00,0.0
2021-12-25 18:37:00,0.0
2021-12-25 18:38:00,0.0
2021-12-25 18:39:00,0.0
2021-12-25 18:40:00,0.0
2021-12-25 18:41:00,0.0
2021-12-25 18:42:00,0.0
2021-12-25 18:43:00,0.0
2021-12-25 18:44:00,0.0
2021-12-25 18:45:00,0.0
2021-12-25 18:46:00,0.0
2021-12-25 18:47:00,0.0
2021-12-25 18:48:00,0.0
2021-12-25 18:49:00,0.0
2021-12-25 18:50:00,0.0
2021-12-25 18:51:00,0.0
2021-12-25 18:52:00,0.0
2021-12-25 18:53:00,0.0
2021-12-25 18:54:00,0.0
2021-12-25 18:55:00,0.0
2021-12-25 18:56:00,0.0
2021-12-25 18:57:00,0.0
2021-12-25 18:58:00,0.0
2021-12-25 18:59:00,0.0
2021-12-25 19:00:00,0.0
2021-12-25 19:01:00,0.0
2021-12-25 19:02:00,0.0
2021-12-25 19:03:00,0.0
2021-12-25 19:04:00,0.0
2021-12-25 19:05:00,0.0
2021-12-25 19:06:00,0.0
2021-12-25 19:07:00,0.0
2021-12-25 19:08:00,0.0
2021-12-25 19:09:00,0.0
2021-12-25 19:10:00,0.0
2021-12-25 19:11:00,0.0
2021-12-25 19:12:00,0.0
2021-12-25 19:13:00,0.0
2021-12-25 19:14:00,0.0
2021-12-25 19:15:00,0.0
2021-12-25 19:16:00,0.0
2021-12-25 19:17:00,0.0
2021-12-25 19:18:00,0.0
2021-12-25 19:19:00,0.0
2021-12-25 19:20:00,0.0
2021-12-25 19:21:00,0.0
2021-12-25 19:22:00,0.0
2021-12-25 19:23:00,0.0
2021-12-25 19:24:00,0.0
2021-12-25 19:25:00,0.0
2021-12-25 19:26:00,0.0
2021-12-25 19:27:00,0.0
2021-12-25 19:28:00,0.0
2021-12-25 19:29:00,0.0
2021-12-25 19:30:00,0.0
2021-12-25 19:31:00,0.0
2021-12-25 19:32:00,0.0
2021-12-25 19:33:00,4439.66
2021-12-25 19:34:00,4435.01
2021-12-25 19:35:00,4432.04
2021-12-25 19:36:00,4423.06
2021-12-25 19:37:00,4411.23
2021-12-25 19:38:00,4424.56
2021-12-25 19:39:00,4427.24
2021-12-25 19:40:00,4417.67
2021-12-25 19:41:00,0.0
2021-12-25 19:42:00,0.0
2021-12-25 19:43:00,0.0
2021-12-25 19:44:00,0.0
2021-12-25 19:45:00,0.0
2021-12-25 19:46:00,0.0
2021-12-25 19:47:00,0.0
2021-12-25 19:48:00,0.0
2021-12-25 19:49:00,0.0
2021-12-25 19:50:00,0.0
2021-12-25 19:51:00,0.0
2021-12-25 19:52:00,0.0
2021-12-25 19:53:00,0.0
2021-12-25 19:54:00,0.0
2021-12-25 19:55:00,0.0
2021-12-25 19:56:00,0.0
2021-12-25 19:57:00,0.0
2021-12-25 19:58:00,0.0
2021-12-25 19:59:00,0.0
2021-12-25 20:00:00,0.0
2021-12-25 20:01:00,0.0
2021-12-25 20:02:00,0.0
2021-12-25 20:03:00,0.0
2021-12-25 20:04:00,0.0
2021-12-25 20:05:00,0.0
2021-12-25 20:06:00,0.0
2021-12-25 20:07:00,0.0
2021-12-25 20:08:00,0.0
2021-12-25 20:09:00,0.0
2021-12-25 20:10:00,0.0
2021-12-25 20:11:00,0.0
2021-12-25 20:12:00,0.0
2021-12-25 20:13:00,0.0
2021-12-25 20:14:00,0.0
2021-12-25 20:15:00,0.0
2021-12-25 20:16:00,0.0
2021-12-25 20:17:00,0.0
2021-12-25 20:18:00,0.0
2021-12-25 20:19:00,0.0
2021-12-25 20:20:00,0.0
2021-12-25 20:21:00,0.0
2021-12-25 20:22:00,0.0
2021-12-25 20:23:00,0.0
2021-12-25 20:24:00,0.0
2021-12-25 20:25:00,0.0
2021-12-25 20:26:00,0.0
2021-12-25 20:27:00,0.0
2021-12-25 20:28:00,0.0
2021-12-25 20:29:00,0.0
2021-12-25 20:30:00,0.0
2021-12-25 20:31:00,0.0
2021-12-25 20:32:00,0.0
2021-12-25 20:33:00,0.0
2021-12-25 20:34:00,0.0
2021-12-25 20:35:00,0.0
2021-12-25 20:36:00,0.0
2021-12-25 20:37:00,0.0
2021-12-25 20:38:00,0.0
2021-12-25 20:39:00,0.0
2021-12-25 20:40:00,0.0
2021-12-25 20:41:00,0.0
2021-12-25 20:42:00,0.0
2021-12-25 20:43:00,0.0
2021-12-25 20:44:00,0.0
2021-12-25 20:45:00,0.0
2021-12-25 20:46:00,0.0
2021-12-25 20:47:00,0.0
2021-12-25 20:48:00,0.0
2021-12-25 20:49:00,0.0
2021-12-25 20:50:00,0.0
2021-12-25 20:51:00,0.0
2021-12-25 20:52:00,0.0
2021-12-25 20:53:00,0.0
2021-12-25 20:54:00,0.0
2021-12-25 20:55:00,0.0
2021-12-25 20:56:00,0.0
2021-12-25 20:57:00,0.0
2021-12-25 20:58:00,4394.72
2021-12-25 20:59:00,4394.67
2021-12-25 21:00:00,4398.52
2021-12-25 21:01:00,4401.5
2021-12-25 21:02:00,4413.43
2021-12-25 21:03:00,4421.89
2021-12-25 21:04:00,0.0
2021-12-25 21:05:00,0.0
2021-12-25 21:06:00,0.0
2021-12-25 21:07:00,0.0
2021-12-25 21:08:00,0.0
2021-12-25 21:09:00,0.0
2021-12-25 21:10:00,0.0
2021-12-25 21:11:00,0.0
2021-12-25 21:12:00,0.0
2021-12-25 21:13:00,0.0
2021-12-25 21:14:00,0.0
2021-12-25 21:15:00,0.0
2021-12-25 21:16:00,0.0
2021-12-25 21:17:00,0.0
2021-12-25 21:18:00,0.0
2021-12-25 21:19:00,0.0
2021-12-25 21:20:00,0.0
2021-12-25 21:21:00,0.0
2021-12-25 21:22:00,0.0
2021-12-25 21:23:00,0.0
2021-12-25 21:24:00,0.0
2021-12-25 21:25:00,0.0
2021-12-25 21:26:00,0.0
2021-12-25 21:27:00,0.0
2021-12-25 21:28:00,0.0
2021-12-25 21:29:00,0.0
2021-12-25 21:30:00,0.0
2021-12-25 21:31:00,0.0
2021-12-25 21:32:00,0.0
2021-12-25 21:33:00,0.0
2021-12-25 21:34:00,4422.56
2021-12-25 21:35:00,4419.32
2021-12-25 21:36:00,4418.62
2021-12-25 21:37:00,0.0
2021-12-25 21:38:00,0.0
2021-12-25 21:39:00,0.0
2021-12-25 21:40:00,0.0
2021-12-25 21:41:00,0.0
2021-12-25 21:42:00,0.0
2021-12-25 21:43:00,0.0
2021-12-25 21:44:00,0.0
2021-12-25 21:45:00,0.0
2021-12-25 21:46:00,0.0
2021-12-25 21:47:00,0.0
2021-12-25 21:48:00,0.0
2021-12-25 21:49:00,0.0
2021-12-25 21:50:00,0.0
2021-12-25 21:51:00,0.0
2021-12-25 21:52:00,0.0
2021-12-25 21:53:00,0.0
2021-12-25 21:54:00,0.0
2021-12-25 21:55:00,0.0
2021-12-25 21:56:00,0.0
2021-12-25 21:57:00,0.0
2021-12-25 21:58:00,0.0
2021-12-25 21:59:00,4434.94
2021-12-25 22:00:00,4430.21
2021-12-25 22:01:00,4433.7
2021-12-25 22:02:00,4443.59
2021-12-25 22:03:00,4441.79
2021-12-25 22:04:00,4445.38
2021-12-25 22:05:00,4435.61
2021-12-25 22:06:00,4425.35
2021-12-25 22:07:00,4430.81
2021-12-25 22:08:00,4438.14
2021-12-25 22:09:00,4438.09
2021-12-25 22:10:00,4447.73
2021-12-25 22:11:00,4443.44
2021-12-25 22:12:00,0.0
2021-12-25 22:13:00,0.0
2021-12-25 22:14:00,0.0
2021-12-25 22:15:00,0.0
2021-12-25 22:16:00,0.0
2021-12-25 22:17:00,0.0
2021-12-25 22:18:00,0.0
2021-12-25 22:19:00,0.0
2021-12-25 22:20:00,0.0
2021-12-25 22:21:00,0.0
2021-12-25 22:22:00,0.0
2021-12-25 22:23:00,0.0
2021-12-25 22:24:00,0.0
2021-12-25 22:25:00,0.0
2021-12-25 22:26:00,0.0
2021-12-25 22:27:00,0.0
2021-12-25 22:28:00,0.0
2021-12-25 22:29:00,0.0
2021-12-25 22:30:00,0.0
2021-12-25 22:31:00,0.0
2021-12-25 22:32:00,0.0
2021-12-25 22:33:00,0.0
2021-12-25 22:34:00,0.0
2021-12-25 22:35:00,0.0
2021-12-25 22:36:00,0.0
2021-12-25 22:37:00,0.0
2021-12-25 22:38:00,0.0
2021-12-25 22:39:00,0.0
2021-12-25 22:40:00,0.0
2021-12-25 22:41:00,0.0
2021-12-25 22:42:00,0.0
2021-12-25 22:43:00,0.0
2021-12-25 22:44:00,0.0
2021-12-25 22:45:00,0.0
2021-12-25 22:46:00,0.0
2021-12-25 22:47:00,0.0
2021-12-25 22:48:00,0.0
2021-12-25 22:49:00,0.0
2021-12-25 22:50:00,0.0
2021-12-25 22:51:00,0.0
2021-12-25 22:52:00,0.0
2021-12-25 22:53:00,0.0
2021-12-25 22:54:00,0.0
2021-12-25 22:55:00,0.0
2021-12-25 22:56:00,0.0
2021-12-25 22:57:00,0.0
2021-12-25 22:58:00,0.0
2021-12-25 22:59:00,0.0
2021-12-25 23:00:00,0.0
2021-12-25 23:01:00,0.0
2021-12-25 23:02:00,0.0
2021-12-25 23:03:00,0.0
2021-12-25 23:04:00,0.0
2021-12-25 23:05:00,0.0
2021-12-25 23:06:00,0.0
2021-12-25 23:07:00,0.0
2021-12-25 23:08:00,0.0
2021-12-25 23:09:00,0.0
2021-12-25 23:10:00,0.0
2021-12-25 23:11:00,0.0
2021-12-25 23:12:00,0.0
2021-12-25 23:13:00,0.0
2021-12-25 23:14:00,0.0
2021-12-25 23:15:00,0.0
2021-12-25 23:16:00,0.0
2021-12-25 23:17:00,0.0
2021-12-25 23:18:00,0.0
2021-12-25 23:19:00,0.0
2021-12-25 23:20:00,0.0
2021-12-25 23:21:00,0.0
2021-12-25 23:22:00,0.0
2021-12-25 23:23:00,0.0
2021-12-25 23:24:00,0.0
2021-12-25 23:25:00,0.0
2021-12-25 23:26:00,0.0
2021-12-25 23:27:00,0.0
2021-12-25 23:28:00,0.0
2021-12-25 23:29:00,0.0
2021-12-25 23:30:00,0.0
2021-12-25 23:31:00,0.0
2021-12-25 23:32:00,0.0
2021-12-25 23:33:00,0.0
2021-12-25 23:34:00,0.0
2021-12-25 23:35:00,0.0
2021-12-25 23:36:00,0.0
2021-12-25 23:37:00,0.0
2021-12-25 23:38:00,0.0
2021-12-25 23:39:00,0.0
2021-12-25 23:40:00,0.0
2021-12-25 23:41:00,0.0
2021-12-25 23:42:00,0.0
2021-12-25 23:43:00,0.0
2021-12-25 23:44:00,0.0
2021-12-25 23:45:00,0.0
2021-12-25 23:46:00,0.0
2021-12-25 23:47:00,0.0
2021-12-25 23:48:00,0.0
2021-12-25 23:49:00,0.0
2021-12-25 23:50:00,0.0
2021-12-25 23:51:00,0.0
2021-12-25 23:52:00,0.0
2021-12-25 23:53:00,0.0
2021-12-25 23:54:00,0.0
2021-12-25 23:55:00,0.0
2021-12-25 23:56:00,0.0
2021-12-25 23:57:00,0.0
2021-12-25 23:58:00,0.0
